日,1月,2月,3月,4月,5月,6月,7月,8月,9月,10月,11月,12月
1,230,1,29,60,90,121,151,182,213,243,14,44
2,231,2,30,61,91,122,152,183,214,244,15,45
3,232,3,31,62,92,123,153,184,215,245,16,46
4,233,4,32,63,93,124,154,185,216,246,17,47
5,234,5,33,64,94,125,155,186,217,247,18,48
6,235,6,34,65,95,126,156,187,218,248,19,49
7,236,7,35,66,96,127,157,188,219,249,20,50
8,237,8,36,67,97,128,158,189,220,250,21,51
9,238,9,37,68,98,129,159,190,221,251,22,52
10,239,10,38,69,99,130,160,191,222,252,23,53
11,240,11,39,70,100,131,161,192,223,253,24,54
12,241,12,40,71,101,132,162,193,224,254,25,55
13,242,13,41,72,102,133,163,194,225,255,26,56
14,243,14,42,73,103,134,164,195,226,256,27,57
15,244,15,43,74,104,135,165,196,227,257,28,58
16,245,16,44,75,105,136,166,197,228,258,29,59
17,246,17,45,76,106,137,167,198,229,259,30,60
18,247,18,46,77,107,138,168,199,230,260,31,61
19,248,19,47,78,108,139,169,200,231,1,32,62
20,249,20,48,79,109,140,170,201,232,2,33,63
21,250,21,49,80,110,141,171,202,233,3,34,64
22,251,22,50,81,111,142,172,203,234,4,35,65
23,252,23,51,82,112,143,173,204,235,5,36,66
24,253,24,52,83,113,144,174,205,236,6,37,67
25,254,25,53,84,114,145,175,206,237,7,38,68
26,255,26,54,85,115,146,176,207,238,8,39,69
27,256,27,55,86,116,147,177,208,239,9,40,70
28,257,28,56,87,117,148,178,209,240,10,41,71
29,258,,57,88,118,149,179,210,241,11,42,72
30,259,,58,89,119,150,180,211,242,12,43,73
31,260,,59,,120,,181,212,,13,,74
